fecha;efectivo;tarjeta;bizum;transferencia;otros;total;descuadre;origen;estado;notas
2026-04-01;174.75;626.29;0.00;0.00;0.00;801.04;0.00;Excel;confirmed;
2026-04-02;142.05;493.60;0.00;0.00;0.00;635.65;0.00;Excel;confirmed;
2026-04-03;76.20;449.75;0.00;0.00;0.00;525.95;0.00;Excel;confirmed;
2026-04-04;182.23;399.55;0.00;0.00;0.00;581.78;0.00;Excel;confirmed;
2026-04-05;75.00;529.40;0.00;0.00;0.00;604.40;0.00;Excel;confirmed;
2026-04-07;252.80;542.70;0.00;0.00;0.00;795.50;0.00;Excel;confirmed;
2026-04-08;276.98;585.57;0.00;0.00;0.00;862.55;0.00;Excel;confirmed;
2026-04-09;221.40;503.40;0.00;0.00;0.00;724.80;0.00;Excel;confirmed;
2026-04-10;326.05;441.25;0.00;0.00;0.00;767.30;0.00;Excel;confirmed;
2026-04-11;153.55;258.00;0.00;0.00;0.00;411.55;0.00;Excel;confirmed;
2026-04-13;301.40;355.35;0.00;0.00;0.00;656.75;0.00;Excel;confirmed;
2026-04-14;155.55;296.05;0.00;0.00;0.00;451.60;0.00;Excel;confirmed;
2026-04-15;266.80;531.95;0.00;0.00;0.00;798.75;0.00;Excel;confirmed;
2026-04-16;359.59;449.74;0.00;0.00;0.00;809.33;0.00;Excel;confirmed;
2026-04-17;276.20;786.01;0.00;0.00;0.00;1062.21;0.00;Excel;confirmed;
2026-04-18;182.65;273.65;0.00;0.00;0.00;456.30;0.00;Excel;confirmed;
2026-04-20;254.65;545.85;0.00;0.00;0.00;800.50;0.00;Excel;confirmed;
2026-04-21;246.70;441.50;0.00;0.00;0.00;688.20;0.00;Excel;confirmed;
2026-04-22;172.30;445.35;0.00;0.00;0.00;617.65;0.00;Excel;confirmed;
2026-04-23;415.70;241.95;0.00;0.00;0.00;657.65;0.00;Excel;confirmed;
2026-04-24;371.00;745.55;0.00;0.00;0.00;1116.55;0.00;Excel;confirmed;
2026-04-25;141.80;217.61;0.00;0.00;0.00;359.41;0.00;Excel;confirmed;
2026-04-27;207.70;384.50;0.00;0.00;0.00;592.20;0.00;Excel;confirmed;
2026-04-28;271.30;396.05;0.00;0.00;0.00;667.35;0.00;Excel;confirmed;
2026-04-29;172.20;547.30;0.00;0.00;0.00;719.50;0.00;Excel;confirmed;
2026-04-30;277.05;489.95;0.00;0.00;0.00;767.00;0.00;Excel;confirmed;
2026-05-01;293.30;461.90;0.00;0.00;0.00;755.20;0.00;Excel;confirmed;
2026-05-02;149.20;562.06;0.00;0.00;0.00;711.26;0.00;Excel;confirmed;
2026-05-04;179.05;387.00;0.00;0.00;0.00;566.05;0.00;Excel;confirmed;
2026-05-05;242.50;412.45;0.00;0.00;0.00;654.95;0.00;Excel;confirmed;
2026-05-06;154.05;397.00;0.00;0.00;0.00;551.05;0.00;Excel;confirmed;
2026-05-07;361.85;418.25;0.00;0.00;0.00;780.10;0.00;Excel;confirmed;
2026-05-08;457.70;971.60;0.00;0.00;0.00;1429.30;0.00;Excel;confirmed;
2026-05-11;345.95;385.35;0.00;0.00;0.00;731.30;0.00;Excel;confirmed;
2026-05-12;279.25;470.80;0.00;0.00;0.00;750.05;0.00;Excel;confirmed;
2026-05-13;282.76;471.13;0.00;0.00;0.00;753.89;0.00;Excel;confirmed;
2026-05-14;315.50;394.90;0.00;0.00;0.00;710.40;0.00;Excel;confirmed;
2026-05-15;435.55;627.75;0.00;0.00;0.00;1063.30;0.00;Excel;confirmed;
2026-05-16;224.75;310.35;0.00;0.00;0.00;535.10;0.00;Excel;confirmed;
2026-05-18;202.60;356.30;0.00;0.00;0.00;558.90;0.00;Excel;confirmed;
2026-05-19;158.75;360.35;0.00;0.00;0.00;519.10;0.00;Excel;confirmed;
2026-05-20;338.60;433.90;0.00;0.00;0.00;772.50;0.00;Excel;confirmed;
2026-05-21;334.65;451.15;0.00;0.00;0.00;785.80;0.00;Excel;confirmed;
2026-05-22;441.35;702.05;0.00;0.00;0.00;1143.40;0.00;Excel;confirmed;
2026-05-23;302.75;549.45;0.00;0.00;0.00;852.20;0.00;Excel;confirmed;
2026-05-25;242.10;821.55;0.00;0.00;0.00;1063.65;0.00;Excel;confirmed;
2026-05-26;370.20;618.75;0.00;0.00;0.00;988.95;0.00;Excel;confirmed;
2026-05-27;237.49;478.98;0.00;0.00;0.00;716.47;0.00;Excel;confirmed;
2026-05-28;374.70;548.85;0.00;0.00;0.00;923.55;0.00;Excel;confirmed;
2026-05-29;339.40;794.75;0.00;0.00;0.00;1134.15;0.00;Excel;confirmed;
2026-05-30;212.35;396.15;0.00;0.00;0.00;608.50;0.00;Excel;confirmed;
2026-06-01;273.45;575.50;0.00;0.00;0.00;848.95;0.00;Excel;confirmed;
2026-06-02;331.10;485.65;0.00;0.00;0.00;816.75;0.00;Excel;confirmed;
2026-06-03;274.70;533.50;0.00;0.00;0.00;808.20;0.00;Excel;confirmed;
2026-06-04;388.60;546.00;0.00;0.00;0.00;934.60;0.00;Excel;confirmed;
2026-06-05;219.95;493.75;0.00;0.00;0.00;713.70;0.00;Excel;confirmed;
2026-06-06;293.65;345.75;0.00;0.00;0.00;639.40;0.00;Excel;confirmed;
2026-06-08;308.85;442.10;0.00;0.00;0.00;750.95;0.00;Excel;confirmed;
2026-06-09;351.15;516.45;0.00;0.00;0.00;867.60;0.00;Excel;confirmed;
2026-06-10;288.16;513.44;0.00;0.00;0.00;801.60;0.00;Excel;confirmed;
2026-06-11;299.85;544.10;0.00;0.00;0.00;843.95;0.00;Excel;confirmed;
2026-06-12;398.00;622.70;0.00;0.00;0.00;1020.70;0.00;Excel;confirmed;
2026-06-13;257.30;257.85;0.00;0.00;0.00;515.15;0.00;Excel;confirmed;
2026-06-15;326.70;600.10;0.00;0.00;0.00;926.80;0.00;Excel;confirmed;
2026-06-16;345.70;578.05;0.00;0.00;0.00;923.75;0.00;Excel;confirmed;
2026-06-17;383.81;521.53;0.00;0.00;0.00;905.34;0.00;Excel;confirmed;
2026-06-18;409.65;687.15;0.00;0.00;0.00;1096.80;0.00;Excel;confirmed;
2026-06-19;429.75;888.45;0.00;0.00;0.00;1318.20;0.00;Excel;confirmed;
2026-06-20;271.55;357.95;0.00;0.00;0.00;629.50;0.00;Excel;confirmed;
2026-06-22;329.00;454.15;0.00;0.00;0.00;783.15;0.00;Excel;confirmed;
2026-06-23;289.30;943.05;0.00;0.00;0.00;1232.35;0.00;Excel;confirmed;
2026-06-25;161.35;513.35;0.00;0.00;0.00;674.70;0.00;Excel;confirmed;
2026-06-27;0.00;583.15;0.00;0.00;0.00;583.15;0.00;Telegram;confirmed;"Propina: 0.00 EUR; Devoluciones: 0.00 EUR (VISA: 0.00 EUR, MASTERCARD: 0.00 EUR)"
2026-06-29;0.00;820.60;0.00;0.00;0.00;820.60;0.00;Telegram;confirmed;
2026-06-30;0.00;704.55;0.00;0.00;0.00;704.55;0.00;Telegram;confirmed;
TOTAL PERIODO;19861.52;38289.51;0.00;0.00;0.00;58151.03;0.00;;;